soccer/notebooks/./training_all/10801.jpg,193,162,229,238,player
soccer/notebooks/./training_all/10801.jpg,78,326,128,436,player
soccer/notebooks/./training_all/10801.jpg,303,387,358,495,player
soccer/notebooks/./training_all/10801.jpg,604,403,676,518,player
soccer/notebooks/./training_all/10801.jpg,709,292,753,388,player
soccer/notebooks/./training_all/10801.jpg,911,247,947,340,player
soccer/notebooks/./training_all/10801.jpg,963,220,1000,302,player
soccer/notebooks/./training_all/10801.jpg,1154,82,1180,139,player
soccer/notebooks/./training_all/10801.jpg,1086,357,1129,471,player
soccer/notebooks/./training_all/10801.jpg,603,165,644,229,player
soccer/notebooks/./training_all/10801.jpg,532,132,578,190,player
soccer/notebooks/./training_all/10801.jpg,330,263,379,356,player
soccer/notebooks/./training_all/10801.jpg,387,281,433,363,player
soccer/notebooks/./training_all/10801.jpg,358,337,378,359,ball
soccer/notebooks/./training_all/10801.jpg,477,309,547,402,player
soccer/notebooks/./training_all/10801.jpg,819,197,851,276,referee
soccer/notebooks/./training_all/14211.jpg,216,566,249,648,player
soccer/notebooks/./training_all/14211.jpg,349,404,374,471,player
soccer/notebooks/./training_all/14211.jpg,414,295,438,349,player
soccer/notebooks/./training_all/14211.jpg,470,265,498,318,player
soccer/notebooks/./training_all/14211.jpg,490,245,510,293,player
soccer/notebooks/./training_all/14211.jpg,636,389,671,447,player
soccer/notebooks/./training_all/14211.jpg,857,381,876,443,player
soccer/notebooks/./training_all/14211.jpg,1080,387,1113,438,player
soccer/notebooks/./training_all/14211.jpg,1011,277,1044,334,player
soccer/notebooks/./training_all/14211.jpg,1209,223,1233,260,player
soccer/notebooks/./training_all/14211.jpg,1261,387,1280,457,player
soccer/notebooks/./training_all/14211.jpg,943,283,976,340,player
soccer/notebooks/./training_all/14211.jpg,828,185,847,229,player
soccer/notebooks/./training_all/14211.jpg,890,143,902,182,player
soccer/notebooks/./training_all/14211.jpg,715,221,736,269,player
soccer/notebooks/./training_all/14211.jpg,643,186,669,228,player
soccer/notebooks/./training_all/14211.jpg,7,210,33,255,goalie
soccer/notebooks/./training_all/14211.jpg,753,287,772,338,player
soccer/notebooks/./training_all/14211.jpg,651,310,682,373,player
soccer/notebooks/./training_all/14211.jpg,788,265,810,315,player
soccer/notebooks/./training_all/14211.jpg,806,326,825,376,referee
soccer/notebooks/./training_all/14211.jpg,1119,419,1130,431,ball
soccer/notebooks/./training_all/14211.jpg,693,663,728,720,referee
soccer/notebooks/./training_all/14501.jpg,1173,229,1214,301,player
soccer/notebooks/./training_all/14501.jpg,1069,272,1113,343,player
soccer/notebooks/./training_all/14501.jpg,903,249,931,313,player
soccer/notebooks/./training_all/14501.jpg,817,311,859,382,player
soccer/notebooks/./training_all/14501.jpg,1242,545,1274,644,player
soccer/notebooks/./training_all/14501.jpg,802,475,837,562,player
soccer/notebooks/./training_all/14501.jpg,830,448,864,527,referee
soccer/notebooks/./training_all/14501.jpg,584,591,623,683,player
soccer/notebooks/./training_all/14501.jpg,492,496,548,578,player
soccer/notebooks/./training_all/14501.jpg,377,448,436,519,player
soccer/notebooks/./training_all/14501.jpg,571,368,607,454,player
soccer/notebooks/./training_all/14501.jpg,569,284,604,352,player
soccer/notebooks/./training_all/14501.jpg,325,325,352,391,player
soccer/notebooks/./training_all/14501.jpg,257,327,314,387,player
soccer/notebooks/./training_all/14501.jpg,275,378,285,389,ball
soccer/notebooks/./training_all/14501.jpg,293,246,322,307,goalie
soccer/notebooks/./training_all/14501.jpg,936,349,969,427,player
soccer/notebooks/./training_all/14791.jpg,351,401,420,491,player
soccer/notebooks/./training_all/14791.jpg,144,303,194,374,player
soccer/notebooks/./training_all/14791.jpg,159,253,185,324,player
soccer/notebooks/./training_all/14791.jpg,245,200,278,255,player
soccer/notebooks/./training_all/14791.jpg,248,284,287,357,player
soccer/notebooks/./training_all/14791.jpg,270,355,323,429,player
soccer/notebooks/./training_all/14791.jpg,385,207,419,267,player
soccer/notebooks/./training_all/14791.jpg,361,142,380,181,player
soccer/notebooks/./training_all/14791.jpg,450,182,476,238,player
soccer/notebooks/./training_all/14791.jpg,446,287,490,362,player
soccer/notebooks/./training_all/14791.jpg,474,246,503,309,player
soccer/notebooks/./training_all/14791.jpg,577,236,609,302,player
soccer/notebooks/./training_all/14791.jpg,1006,502,1071,617,player
soccer/notebooks/./training_all/14791.jpg,911,308,949,389,player
soccer/notebooks/./training_all/14791.jpg,1035,273,1065,340,player
soccer/notebooks/./training_all/14791.jpg,1017,165,1042,227,player
soccer/notebooks/./training_all/14791.jpg,943,182,966,237,player
soccer/notebooks/./training_all/14791.jpg,866,205,885,273,player
soccer/notebooks/./training_all/14791.jpg,787,206,819,269,player
soccer/notebooks/./training_all/14791.jpg,840,311,877,381,referee
soccer/notebooks/./training_all/14791.jpg,907,575,926,594,ball
soccer/notebooks/./training_all/15081.jpg,1,428,27,506,player
soccer/notebooks/./training_all/15081.jpg,164,677,201,720,player
soccer/notebooks/./training_all/15081.jpg,693,578,742,682,player
soccer/notebooks/./training_all/15081.jpg,538,344,569,408,player
soccer/notebooks/./training_all/15081.jpg,665,294,693,359,player
soccer/notebooks/./training_all/15081.jpg,698,197,721,249,player
soccer/notebooks/./training_all/15081.jpg,860,263,882,322,player
soccer/notebooks/./training_all/15081.jpg,937,456,969,532,player
soccer/notebooks/./training_all/15081.jpg,1079,418,1103,495,player
soccer/notebooks/./training_all/15081.jpg,971,283,1007,345,player
soccer/notebooks/./training_all/15081.jpg,1160,314,1212,389,player
soccer/notebooks/./training_all/15081.jpg,1188,169,1209,213,player
soccer/notebooks/./training_all/15081.jpg,801,340,831,413,referee
soccer/notebooks/./training_all/15081.jpg,147,272,187,326,goalie
soccer/notebooks/./training_all/15081.jpg,202,314,216,326,ball
soccer/notebooks/./training_all/15371.jpg,558,347,592,430,player
soccer/notebooks/./training_all/15371.jpg,661,357,699,431,player
soccer/notebooks/./training_all/15371.jpg,765,424,814,495,player
soccer/notebooks/./training_all/15371.jpg,833,404,875,478,player
soccer/notebooks/./training_all/15371.jpg,809,258,852,325,player
soccer/notebooks/./training_all/15371.jpg,679,220,708,280,player
soccer/notebooks/./training_all/15371.jpg,842,222,877,284,player
soccer/notebooks/./training_all/15371.jpg,894,272,903,280,ball
soccer/notebooks/./training_all/15371.jpg,192,279,228,341,referee
soccer/notebooks/./training_all/16531.jpg,321,388,369,461,player
soccer/notebooks/./training_all/16531.jpg,379,391,413,454,player
soccer/notebooks/./training_all/16531.jpg,766,612,809,720,player
soccer/notebooks/./training_all/16531.jpg,898,507,939,616,player
soccer/notebooks/./training_all/16531.jpg,974,321,1004,402,player
soccer/notebooks/./training_all/16531.jpg,838,186,870,254,player
soccer/notebooks/./training_all/16531.jpg,667,248,712,323,player
soccer/notebooks/./training_all/16531.jpg,651,308,687,387,player
soccer/notebooks/./training_all/16531.jpg,539,305,577,383,player
soccer/notebooks/./training_all/16531.jpg,592,320,615,407,player
soccer/notebooks/./training_all/16531.jpg,335,462,344,475,ball
soccer/notebooks/./training_all/16531.jpg,679,381,755,414,player
soccer/notebooks/./training_all/16531.jpg,793,418,828,508,referee
soccer/notebooks/./training_all/16531.jpg,330,179,369,248,goalie
soccer/notebooks/./training_all/17401.jpg,90,199,127,257,goalie
soccer/notebooks/./training_all/17401.jpg,372,418,404,507,player
soccer/notebooks/./training_all/17401.jpg,463,350,484,428,player
soccer/notebooks/./training_all/17401.jpg,484,351,513,430,player
soccer/notebooks/./training_all/17401.jpg,566,278,600,354,player
soccer/notebooks/./training_all/17401.jpg,641,472,692,537,player
soccer/notebooks/./training_all/17401.jpg,666,437,692,505,player
soccer/notebooks/./training_all/17401.jpg,720,457,765,545,player
soccer/notebooks/./training_all/17401.jpg,711,491,727,506,ball
soccer/notebooks/./training_all/17401.jpg,683,401,712,460,player
soccer/notebooks/./training_all/17401.jpg,803,212,827,273,player
soccer/notebooks/./training_all/17401.jpg,934,493,970,583,referee
soccer/notebooks/./training_all/17401.jpg,779,568,836,668,player
soccer/notebooks/./training_all/17401.jpg,918,638,970,720,player
soccer/notebooks/./training_all/17401.jpg,941,360,978,436,player
soccer/notebooks/./training_all/17401.jpg,982,438,1028,517,player
soccer/notebooks/./training_all/17401.jpg,991,254,1017,324,player
soccer/notebooks/./training_all/17401.jpg,1025,266,1058,335,player
soccer/notebooks/./training_all/17691.jpg,86,621,135,720,player
soccer/notebooks/./training_all/17691.jpg,250,368,291,466,player
soccer/notebooks/./training_all/17691.jpg,467,408,504,502,player
soccer/notebooks/./training_all/17691.jpg,472,195,514,276,player
soccer/notebooks/./training_all/17691.jpg,541,261,577,345,player
soccer/notebooks/./training_all/17691.jpg,535,171,579,256,player
soccer/notebooks/./training_all/17691.jpg,734,262,776,341,player
soccer/notebooks/./training_all/17691.jpg,758,214,798,294,player
soccer/notebooks/./training_all/17691.jpg,815,203,873,287,player
soccer/notebooks/./training_all/17691.jpg,1102,427,1151,530,player
soccer/notebooks/./training_all/17691.jpg,1125,73,1166,145,player
soccer/notebooks/./training_all/17691.jpg,1243,398,1280,508,player
soccer/notebooks/./training_all/17691.jpg,1211,303,1259,389,referee
soccer/notebooks/./training_all/17691.jpg,301,532,322,552,ball
soccer/notebooks/./training_all/17981.jpg,149,330,209,387,player
soccer/notebooks/./training_all/17981.jpg,199,372,212,387,ball
soccer/notebooks/./training_all/17981.jpg,252,160,276,213,player
soccer/notebooks/./training_all/17981.jpg,427,236,473,281,player
soccer/notebooks/./training_all/17981.jpg,469,259,490,313,player
soccer/notebooks/./training_all/17981.jpg,452,390,484,459,player
soccer/notebooks/./training_all/17981.jpg,392,459,442,541,player
soccer/notebooks/./training_all/17981.jpg,720,651,750,720,player
soccer/notebooks/./training_all/17981.jpg,830,541,862,632,player
soccer/notebooks/./training_all/17981.jpg,1131,579,1172,677,player
soccer/notebooks/./training_all/17981.jpg,1163,512,1195,599,player
soccer/notebooks/./training_all/17981.jpg,800,383,830,456,player
soccer/notebooks/./training_all/17981.jpg,641,322,671,391,player
soccer/notebooks/./training_all/17981.jpg,762,264,784,330,player
soccer/notebooks/./training_all/17981.jpg,641,133,680,176,player
soccer/notebooks/./training_all/17981.jpg,823,166,844,221,player
soccer/notebooks/./training_all/17981.jpg,1054,341,1082,410,player
soccer/notebooks/./training_all/17981.jpg,1058,261,1082,319,player
soccer/notebooks/./training_all/17981.jpg,1047,241,1075,304,player
soccer/notebooks/./training_all/17981.jpg,1010,163,1030,219,player
soccer/notebooks/./training_all/17981.jpg,958,140,975,190,player
soccer/notebooks/./training_all/17981.jpg,915,294,943,354,referee
soccer/notebooks/./training_all/18271.jpg,91,216,119,293,player
soccer/notebooks/./training_all/18271.jpg,136,202,165,270,player
soccer/notebooks/./training_all/18271.jpg,155,677,207,720,player
soccer/notebooks/./training_all/18271.jpg,266,324,295,410,player
soccer/notebooks/./training_all/18271.jpg,215,438,230,457,ball
soccer/notebooks/./training_all/18271.jpg,329,411,375,500,player
soccer/notebooks/./training_all/18271.jpg,530,132,553,191,player
soccer/notebooks/./training_all/18271.jpg,577,275,609,360,player
soccer/notebooks/./training_all/18271.jpg,615,313,653,399,player
soccer/notebooks/./training_all/18271.jpg,725,164,759,229,player
soccer/notebooks/./training_all/18271.jpg,693,266,727,337,player
soccer/notebooks/./training_all/18271.jpg,837,312,874,397,player
soccer/notebooks/./training_all/18271.jpg,873,420,910,505,player
soccer/notebooks/./training_all/18271.jpg,1049,398,1097,491,player
soccer/notebooks/./training_all/18271.jpg,1114,316,1153,400,player
soccer/notebooks/./training_all/18271.jpg,1033,293,1085,374,player
soccer/notebooks/./training_all/18271.jpg,809,296,848,364,referee
soccer/notebooks/./training_all/2001.jpg,266,449,336,569,player
soccer/notebooks/./training_all/2001.jpg,118,318,151,394,player
soccer/notebooks/./training_all/2001.jpg,150,270,192,346,player
soccer/notebooks/./training_all/2001.jpg,584,378,629,481,player
soccer/notebooks/./training_all/2001.jpg,590,264,637,344,player
soccer/notebooks/./training_all/2001.jpg,700,392,758,486,player
soccer/notebooks/./training_all/2001.jpg,738,327,791,416,player
soccer/notebooks/./training_all/2001.jpg,794,358,847,449,player
soccer/notebooks/./training_all/2001.jpg,927,344,987,449,player
soccer/notebooks/./training_all/2001.jpg,1009,537,1066,671,player
soccer/notebooks/./training_all/2001.jpg,1146,422,1209,527,player
soccer/notebooks/./training_all/2001.jpg,635,229,659,280,player
soccer/notebooks/./training_all/2001.jpg,639,279,715,298,player
soccer/notebooks/./training_all/20881.jpg,240,462,280,598,player
soccer/notebooks/./training_all/20881.jpg,410,400,456,518,player
soccer/notebooks/./training_all/20881.jpg,94,237,144,330,player
soccer/notebooks/./training_all/20881.jpg,186,226,219,312,player
soccer/notebooks/./training_all/20881.jpg,1115,284,1167,391,player
soccer/notebooks/./training_all/20881.jpg,859,180,890,251,player
soccer/notebooks/./training_all/20881.jpg,819,265,836,280,ball
soccer/notebooks/./training_all/22621.jpg,70,451,100,517,player
soccer/notebooks/./training_all/22621.jpg,210,360,235,417,player
soccer/notebooks/./training_all/22621.jpg,253,184,275,226,player
soccer/notebooks/./training_all/22621.jpg,423,326,452,377,player
soccer/notebooks/./training_all/22621.jpg,439,411,466,473,player
soccer/notebooks/./training_all/22621.jpg,511,220,536,260,player
soccer/notebooks/./training_all/22621.jpg,590,237,612,280,player
soccer/notebooks/./training_all/22621.jpg,651,310,668,363,player
soccer/notebooks/./training_all/22621.jpg,694,305,717,359,player
soccer/notebooks/./training_all/22621.jpg,722,405,747,470,player
soccer/notebooks/./training_all/22621.jpg,820,477,847,543,player
soccer/notebooks/./training_all/22621.jpg,839,138,853,169,player
soccer/notebooks/./training_all/22621.jpg,935,175,952,215,player
soccer/notebooks/./training_all/22621.jpg,1038,228,1057,269,player
soccer/notebooks/./training_all/22621.jpg,1075,296,1096,344,player
soccer/notebooks/./training_all/22621.jpg,1120,421,1150,481,player
soccer/notebooks/./training_all/22621.jpg,1159,381,1186,442,player
soccer/notebooks/./training_all/22621.jpg,1160,334,1191,383,player
soccer/notebooks/./training_all/22621.jpg,1088,247,1106,293,player
soccer/notebooks/./training_all/22621.jpg,1074,225,1092,267,player
soccer/notebooks/./training_all/22621.jpg,838,294,859,337,referee
soccer/notebooks/./training_all/22621.jpg,234,395,243,408,ball
soccer/notebooks/./training_all/241.jpg,51,156,76,223,player
soccer/notebooks/./training_all/241.jpg,15,247,50,334,player
soccer/notebooks/./training_all/241.jpg,289,221,331,300,player
soccer/notebooks/./training_all/241.jpg,315,491,364,614,player
soccer/notebooks/./training_all/241.jpg,401,544,460,690,player
soccer/notebooks/./training_all/241.jpg,517,379,566,487,player
soccer/notebooks/./training_all/241.jpg,590,365,639,476,player
soccer/notebooks/./training_all/241.jpg,984,281,1041,367,player
soccer/notebooks/./training_all/241.jpg,800,169,837,241,player
soccer/notebooks/./training_all/241.jpg,466,303,501,401,player
soccer/notebooks/./training_all/241.jpg,438,235,473,310,player
soccer/notebooks/./training_all/241.jpg,431,146,454,202,player
soccer/notebooks/./training_all/241.jpg,930,340,946,355,ball
soccer/notebooks/./training_all/2611.jpg,198,334,222,376,player
soccer/notebooks/./training_all/2611.jpg,221,301,245,339,player
soccer/notebooks/./training_all/2611.jpg,300,535,338,597,player
soccer/notebooks/./training_all/2611.jpg,417,353,446,395,player
soccer/notebooks/./training_all/2611.jpg,387,318,404,360,player
soccer/notebooks/./training_all/2611.jpg,437,302,454,343,player
soccer/notebooks/./training_all/2611.jpg,505,260,525,293,player
soccer/notebooks/./training_all/2611.jpg,517,293,533,321,referee
soccer/notebooks/./training_all/2611.jpg,594,294,612,333,player
soccer/notebooks/./training_all/2611.jpg,614,248,628,280,player
soccer/notebooks/./training_all/2611.jpg,648,281,663,315,player
soccer/notebooks/./training_all/2611.jpg,636,322,652,362,player
soccer/notebooks/./training_all/2611.jpg,645,364,665,410,player
soccer/notebooks/./training_all/2611.jpg,788,443,801,490,player
soccer/notebooks/./training_all/2611.jpg,826,347,840,386,player
soccer/notebooks/./training_all/2611.jpg,794,265,807,299,player
soccer/notebooks/./training_all/2611.jpg,856,297,874,336,player
soccer/notebooks/./training_all/2611.jpg,921,267,935,299,player
soccer/notebooks/./training_all/2611.jpg,939,301,955,339,player
soccer/notebooks/./training_all/2611.jpg,992,364,1016,410,player
soccer/notebooks/./training_all/2611.jpg,453,625,481,703,manager
soccer/notebooks/./training_all/2611.jpg,547,642,587,720,cameraman
soccer/notebooks/./training_all/2751.jpg,162,228,204,311,player
soccer/notebooks/./training_all/2751.jpg,275,342,340,441,player
soccer/notebooks/./training_all/2751.jpg,403,223,447,303,player
soccer/notebooks/./training_all/2751.jpg,498,218,549,287,player
soccer/notebooks/./training_all/2751.jpg,815,241,870,330,player
soccer/notebooks/./training_all/2751.jpg,856,136,899,211,player
soccer/notebooks/./training_all/2751.jpg,1180,257,1230,352,player
soccer/notebooks/./training_all/2751.jpg,1223,218,1274,300,player
soccer/notebooks/./training_all/2751.jpg,144,256,158,272,ball
soccer/notebooks/./training_all/2751.jpg,960,232,1001,309,referee
soccer/notebooks/./training_all/3001.jpg,330,380,375,480,player
soccer/notebooks/./training_all/3001.jpg,622,295,666,372,player
soccer/notebooks/./training_all/3001.jpg,676,285,722,369,player
soccer/notebooks/./training_all/3001.jpg,798,273,852,347,player
soccer/notebooks/./training_all/3001.jpg,1046,378,1085,481,player
soccer/notebooks/./training_all/3001.jpg,705,198,750,276,player
soccer/notebooks/./training_all/3001.jpg,798,162,826,224,player
soccer/notebooks/./training_all/3001.jpg,1,257,37,351,goalie
soccer/notebooks/./training_all/3001.jpg,605,358,620,372,ball
soccer/notebooks/./training_all/3251.jpg,1,325,55,431,player
soccer/notebooks/./training_all/3251.jpg,395,517,450,645,player
soccer/notebooks/./training_all/3251.jpg,332,225,384,310,player
soccer/notebooks/./training_all/3251.jpg,527,261,571,337,player
soccer/notebooks/./training_all/3251.jpg,672,146,703,208,player
soccer/notebooks/./training_all/3251.jpg,731,219,765,272,player
soccer/notebooks/./training_all/3251.jpg,730,257,772,338,player
soccer/notebooks/./training_all/3251.jpg,863,383,912,498,player
soccer/notebooks/./training_all/3251.jpg,1001,318,1038,426,player
soccer/notebooks/./training_all/3251.jpg,946,255,979,346,player
soccer/notebooks/./training_all/3251.jpg,907,189,933,260,player
soccer/notebooks/./training_all/3251.jpg,1104,215,1144,284,player
soccer/notebooks/./training_all/3251.jpg,1121,130,1142,195,player
soccer/notebooks/./training_all/3251.jpg,379,300,392,315,ball
soccer/notebooks/./training_all/3251.jpg,1055,257,1095,343,referee
soccer/notebooks/./training_all/3501.jpg,89,348,125,445,player
soccer/notebooks/./training_all/3501.jpg,183,236,220,323,player
soccer/notebooks/./training_all/3501.jpg,600,309,631,386,player
soccer/notebooks/./training_all/3501.jpg,652,484,694,599,player
soccer/notebooks/./training_all/3501.jpg,713,403,749,505,player
soccer/notebooks/./training_all/3501.jpg,538,186,571,250,player
soccer/notebooks/./training_all/3501.jpg,740,274,777,337,player
soccer/notebooks/./training_all/3501.jpg,745,335,786,408,player
soccer/notebooks/./training_all/3501.jpg,806,218,837,290,player
soccer/notebooks/./training_all/3501.jpg,1087,381,1125,478,player
soccer/notebooks/./training_all/3501.jpg,1185,315,1230,396,player
soccer/notebooks/./training_all/3501.jpg,1017,138,1035,190,player
soccer/notebooks/./training_all/3501.jpg,1133,229,1168,303,player
soccer/notebooks/./training_all/3501.jpg,1239,206,1269,274,player
soccer/notebooks/./training_all/3501.jpg,212,310,223,324,ball
soccer/notebooks/./training_all/3501.jpg,963,298,1002,386,referee
soccer/notebooks/./training_all/3601.jpg,138,257,176,373,player
soccer/notebooks/./training_all/3601.jpg,427,360,484,494,player
soccer/notebooks/./training_all/3601.jpg,392,156,428,234,player
soccer/notebooks/./training_all/3601.jpg,859,382,925,513,player
soccer/notebooks/./training_all/3601.jpg,890,284,932,400,player
soccer/notebooks/./training_all/3601.jpg,835,286,873,391,player
soccer/notebooks/./training_all/3601.jpg,852,220,887,315,player
soccer/notebooks/./training_all/3601.jpg,895,192,931,276,player
soccer/notebooks/./training_all/3601.jpg,810,213,843,305,referee
soccer/notebooks/./training_all/3601.jpg,847,375,867,394,ball
soccer/notebooks/./training_all/3751.jpg,445,448,497,569,player
soccer/notebooks/./training_all/3751.jpg,865,374,908,487,player
soccer/notebooks/./training_all/3751.jpg,886,273,927,360,player
soccer/notebooks/./training_all/3751.jpg,748,241,780,322,player
soccer/notebooks/./training_all/3751.jpg,729,289,764,384,player
soccer/notebooks/./training_all/3751.jpg,583,212,617,291,player
soccer/notebooks/./training_all/3751.jpg,561,250,601,343,player
soccer/notebooks/./training_all/3751.jpg,473,272,530,360,player
soccer/notebooks/./training_all/3751.jpg,370,303,433,381,player
soccer/notebooks/./training_all/3751.jpg,388,241,421,309,player
soccer/notebooks/./training_all/3751.jpg,303,227,345,299,player
soccer/notebooks/./training_all/3751.jpg,1104,222,1138,299,player
soccer/notebooks/./training_all/3751.jpg,1134,234,1179,316,player
soccer/notebooks/./training_all/3751.jpg,1196,243,1250,351,player
soccer/notebooks/./training_all/3751.jpg,276,295,295,309,ball
soccer/notebooks/./training_all/3751.jpg,707,261,738,353,referee
soccer/notebooks/./training_all/3751.jpg,1255,340,1280,438,player
soccer/notebooks/./training_all/3751.jpg,1266,282,1280,345,player
soccer/notebooks/./training_all/3841.jpg,184,200,200,213,ball
soccer/notebooks/./training_all/3841.jpg,350,131,388,208,player
soccer/notebooks/./training_all/3841.jpg,408,280,509,380,player
soccer/notebooks/./training_all/3841.jpg,452,180,526,262,player
soccer/notebooks/./training_all/3841.jpg,497,132,557,213,player
soccer/notebooks/./training_all/3841.jpg,756,156,795,246,player
soccer/notebooks/./training_all/3841.jpg,818,292,884,413,player
soccer/notebooks/./training_all/3841.jpg,1061,468,1137,611,player
soccer/notebooks/./training_all/3841.jpg,1101,237,1160,346,player
soccer/notebooks/./training_all/3841.jpg,1070,162,1123,243,player
soccer/notebooks/./training_all/4001.jpg,76,264,113,354,player
soccer/notebooks/./training_all/4001.jpg,252,400,298,507,player
soccer/notebooks/./training_all/4001.jpg,502,204,537,270,player
soccer/notebooks/./training_all/4001.jpg,549,299,583,376,player
soccer/notebooks/./training_all/4001.jpg,770,392,804,496,player
soccer/notebooks/./training_all/4001.jpg,816,429,865,542,player
soccer/notebooks/./training_all/4001.jpg,814,319,857,404,player
soccer/notebooks/./training_all/4001.jpg,889,194,919,264,player
soccer/notebooks/./training_all/4001.jpg,906,252,944,330,player
soccer/notebooks/./training_all/4001.jpg,1006,299,1046,380,player
soccer/notebooks/./training_all/4001.jpg,1212,384,1277,491,player
soccer/notebooks/./training_all/4001.jpg,1229,233,1269,311,player
soccer/notebooks/./training_all/4001.jpg,1074,136,1103,192,player
soccer/notebooks/./training_all/4001.jpg,110,329,126,345,ball
soccer/notebooks/./training_all/4001.jpg,1028,283,1056,327,referee
soccer/notebooks/./training_all/4061.jpg,171,368,215,444,player
soccer/notebooks/./training_all/4061.jpg,364,300,381,316,ball
soccer/notebooks/./training_all/4061.jpg,403,225,431,287,player
soccer/notebooks/./training_all/4061.jpg,760,284,791,344,player
soccer/notebooks/./training_all/4061.jpg,549,376,575,451,player
soccer/notebooks/./training_all/4061.jpg,687,424,713,503,player
soccer/notebooks/./training_all/4061.jpg,735,354,757,421,player
soccer/notebooks/./training_all/4061.jpg,790,544,820,631,player
soccer/notebooks/./training_all/4061.jpg,889,605,933,704,player
soccer/notebooks/./training_all/4061.jpg,918,340,940,408,referee
soccer/notebooks/./training_all/4061.jpg,956,310,981,377,player
soccer/notebooks/./training_all/4061.jpg,1027,477,1057,554,player
soccer/notebooks/./training_all/4061.jpg,1130,549,1162,638,player
soccer/notebooks/./training_all/4061.jpg,1133,385,1165,455,player
soccer/notebooks/./training_all/4061.jpg,1006,195,1040,237,player
soccer/notebooks/./training_all/4061.jpg,1044,241,1071,304,player
soccer/notebooks/./training_all/4061.jpg,1079,234,1099,292,player
soccer/notebooks/./training_all/4061.jpg,1100,242,1126,297,player
soccer/notebooks/./training_all/4061.jpg,1153,322,1187,384,player
soccer/notebooks/./training_all/4061.jpg,1253,290,1280,361,player
soccer/notebooks/./training_all/4081.jpg,848,512,925,653,player
soccer/notebooks/./training_all/4081.jpg,459,395,509,505,player
soccer/notebooks/./training_all/4081.jpg,927,243,982,283,player
soccer/notebooks/./training_all/4081.jpg,873,200,906,272,player
soccer/notebooks/./training_all/4081.jpg,1157,223,1211,305,player
soccer/notebooks/./training_all/4081.jpg,1030,143,1075,199,player
soccer/notebooks/./training_all/4081.jpg,1249,184,1280,229,player
soccer/notebooks/./training_all/4081.jpg,756,269,797,356,referee
soccer/notebooks/./training_all/4081.jpg,697,234,750,299,player
soccer/notebooks/./training_all/4081.jpg,355,265,399,351,player
soccer/notebooks/./training_all/4081.jpg,382,216,421,280,player
soccer/notebooks/./training_all/4081.jpg,481,189,514,255,player
soccer/notebooks/./training_all/4081.jpg,436,175,479,239,player
soccer/notebooks/./training_all/4081.jpg,201,194,251,267,player
soccer/notebooks/./training_all/4081.jpg,38,266,100,367,player
soccer/notebooks/./training_all/4081.jpg,23,430,84,554,player
soccer/notebooks/./training_all/4251.jpg,289,418,354,526,player
soccer/notebooks/./training_all/4251.jpg,91,244,129,334,player
soccer/notebooks/./training_all/4251.jpg,537,322,576,399,player
soccer/notebooks/./training_all/4251.jpg,587,422,629,531,player
soccer/notebooks/./training_all/4251.jpg,516,187,554,247,player
soccer/notebooks/./training_all/4251.jpg,671,276,711,352,player
soccer/notebooks/./training_all/4251.jpg,744,325,790,410,player
soccer/notebooks/./training_all/4251.jpg,741,212,771,280,player
soccer/notebooks/./training_all/4251.jpg,848,137,869,193,player
soccer/notebooks/./training_all/4251.jpg,974,285,1009,365,referee
soccer/notebooks/./training_all/4251.jpg,1054,336,1105,425,player
soccer/notebooks/./training_all/4251.jpg,1144,390,1182,504,player
soccer/notebooks/./training_all/4251.jpg,1043,239,1091,308,player
soccer/notebooks/./training_all/4251.jpg,1130,199,1160,263,player
soccer/notebooks/./training_all/4251.jpg,967,582,1035,719,player
soccer/notebooks/./training_all/4251.jpg,179,345,195,359,ball
soccer/notebooks/./training_all/4641.jpg,158,327,228,400,player
soccer/notebooks/./training_all/4641.jpg,289,232,334,301,player
soccer/notebooks/./training_all/4641.jpg,393,585,457,685,player
soccer/notebooks/./training_all/4641.jpg,387,227,420,295,player
soccer/notebooks/./training_all/4641.jpg,276,325,292,339,ball
soccer/notebooks/./training_all/4641.jpg,555,347,604,431,player
soccer/notebooks/./training_all/4641.jpg,599,255,631,332,player
soccer/notebooks/./training_all/4641.jpg,676,279,713,345,player
soccer/notebooks/./training_all/4641.jpg,758,274,792,349,player
soccer/notebooks/./training_all/4641.jpg,763,475,806,571,player
soccer/notebooks/./training_all/4641.jpg,833,230,868,303,player
soccer/notebooks/./training_all/4641.jpg,947,317,991,391,player
soccer/notebooks/./training_all/4641.jpg,871,238,902,319,player
soccer/notebooks/./training_all/4641.jpg,937,262,969,323,player
soccer/notebooks/./training_all/4641.jpg,1001,206,1038,276,player
soccer/notebooks/./training_all/4641.jpg,1050,268,1088,342,referee
soccer/notebooks/./training_all/4641.jpg,1173,210,1218,283,player
soccer/notebooks/./training_all/4641.jpg,1153,163,1186,226,player
soccer/notebooks/./training_all/4931.jpg,85,206,130,280,player
soccer/notebooks/./training_all/4931.jpg,158,309,200,380,player
soccer/notebooks/./training_all/4931.jpg,193,301,218,370,player
soccer/notebooks/./training_all/4931.jpg,355,205,391,267,player
soccer/notebooks/./training_all/4931.jpg,378,313,417,393,player
soccer/notebooks/./training_all/4931.jpg,477,239,507,300,player
soccer/notebooks/./training_all/4931.jpg,601,530,637,619,player
soccer/notebooks/./training_all/4931.jpg,705,356,736,431,player
soccer/notebooks/./training_all/4931.jpg,773,144,795,197,player
soccer/notebooks/./training_all/4931.jpg,877,180,902,240,player
soccer/notebooks/./training_all/4931.jpg,818,244,842,312,player
soccer/notebooks/./training_all/4931.jpg,811,303,845,375,referee
soccer/notebooks/./training_all/4931.jpg,1033,502,1071,587,player
soccer/notebooks/./training_all/4931.jpg,1047,329,1087,411,player
soccer/notebooks/./training_all/4931.jpg,1116,303,1151,383,player
soccer/notebooks/./training_all/4931.jpg,1086,259,1131,327,player
soccer/notebooks/./training_all/4931.jpg,1026,227,1081,292,player
soccer/notebooks/./training_all/4931.jpg,958,204,987,253,player
soccer/notebooks/./training_all/4931.jpg,981,197,1011,244,player
soccer/notebooks/./training_all/4931.jpg,403,252,417,267,ball
soccer/notebooks/./training_all/5281.jpg,285,493,373,617,player
soccer/notebooks/./training_all/5281.jpg,420,408,509,522,player
soccer/notebooks/./training_all/5281.jpg,1064,462,1161,587,player
soccer/notebooks/./training_all/5281.jpg,979,323,1046,412,player
soccer/notebooks/./training_all/5281.jpg,1028,346,1113,444,player
soccer/notebooks/./training_all/5281.jpg,1118,196,1177,279,player
soccer/notebooks/./training_all/5281.jpg,884,191,942,274,player
soccer/notebooks/./training_all/5281.jpg,926,92,951,139,player
soccer/notebooks/./training_all/5281.jpg,594,221,635,297,player
soccer/notebooks/./training_all/5281.jpg,752,280,800,377,player
soccer/notebooks/./training_all/5281.jpg,379,206,422,280,referee
soccer/notebooks/./training_all/5281.jpg,480,79,536,140,player
soccer/notebooks/./training_all/5281.jpg,262,81,303,131,player
soccer/notebooks/./training_all/5281.jpg,157,118,214,179,player
soccer/notebooks/./training_all/5281.jpg,117,175,191,249,player
soccer/notebooks/./training_all/5281.jpg,37,205,107,290,player
soccer/notebooks/./training_all/5281.jpg,727,349,749,364,ball
soccer/notebooks/./training_all/5511.jpg,48,253,86,339,player
soccer/notebooks/./training_all/5511.jpg,264,250,302,326,player
soccer/notebooks/./training_all/5511.jpg,283,282,313,369,player
soccer/notebooks/./training_all/5511.jpg,496,335,534,423,player
soccer/notebooks/./training_all/5511.jpg,760,332,795,420,player
soccer/notebooks/./training_all/5511.jpg,808,252,836,344,player
soccer/notebooks/./training_all/5511.jpg,1013,291,1061,388,player
soccer/notebooks/./training_all/5511.jpg,568,212,609,287,player
soccer/notebooks/./training_all/5511.jpg,609,221,639,283,player
soccer/notebooks/./training_all/5511.jpg,793,185,826,254,player
soccer/notebooks/./training_all/5511.jpg,1133,225,1159,309,player
soccer/notebooks/./training_all/5511.jpg,1249,320,1280,415,player
soccer/notebooks/./training_all/5751.jpg,12,425,68,544,player
soccer/notebooks/./training_all/5751.jpg,249,292,287,380,player
soccer/notebooks/./training_all/5751.jpg,456,318,493,403,player
soccer/notebooks/./training_all/5751.jpg,671,367,732,460,player
soccer/notebooks/./training_all/5751.jpg,827,431,871,543,player
soccer/notebooks/./training_all/5751.jpg,1016,405,1061,508,player
soccer/notebooks/./training_all/5751.jpg,1150,328,1196,415,player
soccer/notebooks/./training_all/5751.jpg,966,278,994,354,player
soccer/notebooks/./training_all/5751.jpg,747,246,788,314,player
soccer/notebooks/./training_all/5751.jpg,364,214,397,283,player
soccer/notebooks/./training_all/5751.jpg,1062,249,1093,330,player
soccer/notebooks/./training_all/5751.jpg,1038,184,1058,240,player
soccer/notebooks/./training_all/5751.jpg,1219,216,1249,290,player
soccer/notebooks/./training_all/5751.jpg,1042,658,1082,720,player
soccer/notebooks/./training_all/5751.jpg,305,358,320,373,ball
soccer/notebooks/./training_all/5751.jpg,1018,319,1063,405,referee
soccer/notebooks/./training_all/5801.jpg,255,370,295,480,player
soccer/notebooks/./training_all/5801.jpg,306,167,350,243,player
soccer/notebooks/./training_all/5801.jpg,412,514,461,626,player
soccer/notebooks/./training_all/5801.jpg,487,417,529,526,player
soccer/notebooks/./training_all/5801.jpg,619,397,664,491,player
soccer/notebooks/./training_all/5801.jpg,520,490,597,538,player
soccer/notebooks/./training_all/5801.jpg,563,134,598,205,player
soccer/notebooks/./training_all/5801.jpg,674,194,709,280,player
soccer/notebooks/./training_all/5801.jpg,825,221,859,302,player
soccer/notebooks/./training_all/5801.jpg,817,297,872,388,player
soccer/notebooks/./training_all/5801.jpg,976,516,1016,626,player
soccer/notebooks/./training_all/5801.jpg,978,362,1010,458,player
soccer/notebooks/./training_all/5801.jpg,868,148,902,222,player
soccer/notebooks/./training_all/5801.jpg,995,274,1020,332,player
soccer/notebooks/./training_all/5801.jpg,997,283,1034,370,player
soccer/notebooks/./training_all/5801.jpg,1024,313,1051,404,player
soccer/notebooks/./training_all/5801.jpg,1125,172,1170,246,player
soccer/notebooks/./training_all/5801.jpg,416,432,432,446,ball
soccer/notebooks/./training_all/5801.jpg,479,312,535,389,referee
soccer/notebooks/./training_all/6091.jpg,1,462,28,562,player
soccer/notebooks/./training_all/6091.jpg,128,275,154,349,player
soccer/notebooks/./training_all/6091.jpg,323,367,358,461,player
soccer/notebooks/./training_all/6091.jpg,371,296,404,382,player
soccer/notebooks/./training_all/6091.jpg,524,275,558,345,player
soccer/notebooks/./training_all/6091.jpg,533,231,558,295,player
soccer/notebooks/./training_all/6091.jpg,809,426,846,521,player
soccer/notebooks/./training_all/6091.jpg,1167,566,1204,674,player
soccer/notebooks/./training_all/6091.jpg,631,267,656,341,player
soccer/notebooks/./training_all/6091.jpg,653,257,677,341,player
soccer/notebooks/./training_all/6091.jpg,669,179,698,239,player
soccer/notebooks/./training_all/6091.jpg,739,234,781,300,player
soccer/notebooks/./training_all/6091.jpg,888,357,924,437,player
soccer/notebooks/./training_all/6091.jpg,899,197,931,274,player
soccer/notebooks/./training_all/6091.jpg,920,175,944,241,player
soccer/notebooks/./training_all/6091.jpg,1127,327,1161,411,player
soccer/notebooks/./training_all/6091.jpg,1153,308,1180,402,player
soccer/notebooks/./training_all/6091.jpg,1181,359,1206,449,player
soccer/notebooks/./training_all/6091.jpg,778,284,808,360,referee
soccer/notebooks/./training_all/6091.jpg,155,346,166,359,ball
soccer/notebooks/./training_all/6381.jpg,257,137,271,148,ball
soccer/notebooks/./training_all/6381.jpg,366,312,406,386,referee
soccer/notebooks/./training_all/6381.jpg,69,254,117,329,player
soccer/notebooks/./training_all/6381.jpg,233,229,273,294,player
soccer/notebooks/./training_all/6381.jpg,520,195,554,263,player
soccer/notebooks/./training_all/6381.jpg,451,313,499,398,player
soccer/notebooks/./training_all/6381.jpg,541,449,598,540,player
soccer/notebooks/./training_all/6381.jpg,733,536,791,637,player
soccer/notebooks/./training_all/6381.jpg,666,200,702,264,player
soccer/notebooks/./training_all/6381.jpg,774,277,803,344,player
soccer/notebooks/./training_all/6381.jpg,766,354,816,429,player
soccer/notebooks/./training_all/6381.jpg,946,379,1004,456,player
soccer/notebooks/./training_all/6381.jpg,871,242,906,308,player
soccer/notebooks/./training_all/6381.jpg,906,251,955,329,player
soccer/notebooks/./training_all/6381.jpg,967,302,1006,383,player
soccer/notebooks/./training_all/6381.jpg,1002,312,1048,381,player
soccer/notebooks/./training_all/6381.jpg,1214,237,1238,292,goalie
soccer/notebooks/./training_all/6961.jpg,50,262,95,365,player
soccer/notebooks/./training_all/6961.jpg,170,360,212,463,player
soccer/notebooks/./training_all/6961.jpg,168,192,225,278,player
soccer/notebooks/./training_all/6961.jpg,462,442,498,555,player
soccer/notebooks/./training_all/6961.jpg,426,258,470,348,player
soccer/notebooks/./training_all/6961.jpg,474,193,530,275,player
soccer/notebooks/./training_all/6961.jpg,495,170,530,232,player
soccer/notebooks/./training_all/6961.jpg,589,154,622,229,player
soccer/notebooks/./training_all/6961.jpg,622,184,644,267,player
soccer/notebooks/./training_all/6961.jpg,789,267,848,368,player
soccer/notebooks/./training_all/6961.jpg,830,378,871,483,player
soccer/notebooks/./training_all/6961.jpg,1014,482,1060,598,player
soccer/notebooks/./training_all/6961.jpg,168,263,180,277,ball
soccer/notebooks/./training_all/6961.jpg,188,296,228,395,referee
soccer/notebooks/./training_all/7831.jpg,32,593,98,695,player
soccer/notebooks/./training_all/7831.jpg,102,264,133,330,player
soccer/notebooks/./training_all/7831.jpg,193,250,219,307,player
soccer/notebooks/./training_all/7831.jpg,404,113,423,153,player
soccer/notebooks/./training_all/7831.jpg,510,241,543,298,player
soccer/notebooks/./training_all/7831.jpg,519,381,561,444,player
soccer/notebooks/./training_all/7831.jpg,591,343,612,403,player
soccer/notebooks/./training_all/7831.jpg,614,292,645,354,player
soccer/notebooks/./training_all/7831.jpg,765,464,804,539,player
soccer/notebooks/./training_all/7831.jpg,806,377,858,435,player
soccer/notebooks/./training_all/7831.jpg,837,410,883,476,player
soccer/notebooks/./training_all/7831.jpg,989,470,1036,531,player
soccer/notebooks/./training_all/7831.jpg,1020,215,1049,272,player
soccer/notebooks/./training_all/7831.jpg,1038,407,1079,470,player
soccer/notebooks/./training_all/7831.jpg,1047,469,1057,476,ball
soccer/notebooks/./training_all/7831.jpg,1209,379,1259,441,player
soccer/notebooks/./training_all/7831.jpg,449,330,482,383,referee
soccer/notebooks/./training_all/8411.jpg,923,342,960,428,player
soccer/notebooks/./training_all/8411.jpg,967,491,1005,575,player
soccer/notebooks/./training_all/8411.jpg,923,490,975,570,player
soccer/notebooks/./training_all/8411.jpg,730,527,763,622,player
soccer/notebooks/./training_all/8411.jpg,863,581,926,663,player
soccer/notebooks/./training_all/8411.jpg,887,531,920,605,player
soccer/notebooks/./training_all/8411.jpg,184,544,234,648,player
soccer/notebooks/./training_all/8411.jpg,344,349,381,437,player
soccer/notebooks/./training_all/8411.jpg,553,293,581,368,player
soccer/notebooks/./training_all/8411.jpg,92,395,131,483,player
soccer/notebooks/./training_all/8411.jpg,143,182,176,248,player
soccer/notebooks/./training_all/8411.jpg,187,194,217,259,player
soccer/notebooks/./training_all/8411.jpg,279,195,311,268,player
soccer/notebooks/./training_all/8411.jpg,298,178,324,241,player
soccer/notebooks/./training_all/8411.jpg,11,292,42,369,referee
soccer/notebooks/./training_all/8411.jpg,655,165,682,231,goalie
soccer/notebooks/./training_all/8641.jpg,315,465,394,605,player
soccer/notebooks/./training_all/8641.jpg,19,453,91,592,player
soccer/notebooks/./training_all/8641.jpg,67,412,134,551,player
soccer/notebooks/./training_all/8641.jpg,133,361,185,497,player
soccer/notebooks/./training_all/8641.jpg,257,274,302,376,player
soccer/notebooks/./training_all/8641.jpg,477,240,519,337,player
soccer/notebooks/./training_all/8641.jpg,754,294,809,410,player
soccer/notebooks/./training_all/8641.jpg,849,289,913,398,player
soccer/notebooks/./training_all/8641.jpg,782,175,814,263,player
soccer/notebooks/./training_all/8641.jpg,320,124,356,184,player
soccer/notebooks/./training_all/8641.jpg,51,153,87,233,player
soccer/notebooks/./training_all/8641.jpg,757,255,776,270,ball
soccer/notebooks/./training_all/8701.jpg,4,495,42,581,player
soccer/notebooks/./training_all/8701.jpg,108,120,134,170,player
soccer/notebooks/./training_all/8701.jpg,231,344,275,415,player
soccer/notebooks/./training_all/8701.jpg,356,411,398,483,player
soccer/notebooks/./training_all/8701.jpg,625,341,660,406,player
soccer/notebooks/./training_all/8701.jpg,531,476,577,535,player
soccer/notebooks/./training_all/8701.jpg,585,541,624,625,player
soccer/notebooks/./training_all/8701.jpg,366,185,390,238,player
soccer/notebooks/./training_all/8701.jpg,388,230,415,290,player
soccer/notebooks/./training_all/8701.jpg,560,151,579,202,player
soccer/notebooks/./training_all/8701.jpg,631,154,653,205,player
soccer/notebooks/./training_all/8701.jpg,625,207,651,265,player
soccer/notebooks/./training_all/8701.jpg,797,307,824,367,player
soccer/notebooks/./training_all/8701.jpg,968,430,997,504,player
soccer/notebooks/./training_all/8701.jpg,962,331,1000,400,player
soccer/notebooks/./training_all/8701.jpg,652,536,721,628,player
soccer/notebooks/./training_all/8701.jpg,633,533,675,608,player
soccer/notebooks/./training_all/8701.jpg,1121,160,1150,213,goalie
soccer/notebooks/./training_all/8701.jpg,538,531,551,545,ball
soccer/notebooks/./training_all/8701.jpg,305,281,331,339,referee
soccer/notebooks/./training_all/8701.jpg,435,628,468,720,manager
soccer/notebooks/./training_all/8881.jpg,332,433,422,549,player
soccer/notebooks/./training_all/8881.jpg,785,322,834,457,player
soccer/notebooks/./training_all/8881.jpg,910,384,985,516,player
soccer/notebooks/./training_all/8881.jpg,981,139,1035,221,player
soccer/notebooks/./training_all/8881.jpg,1154,194,1204,290,player
soccer/notebooks/./training_all/8881.jpg,1169,94,1214,175,player
soccer/notebooks/./training_all/8881.jpg,971,49,999,98,player
soccer/notebooks/./training_all/8881.jpg,657,134,700,218,player
soccer/notebooks/./training_all/8881.jpg,570,82,614,165,player
soccer/notebooks/./training_all/8881.jpg,383,123,420,218,player
soccer/notebooks/./training_all/8881.jpg,283,70,327,152,player
soccer/notebooks/./training_all/8881.jpg,220,72,256,140,player
soccer/notebooks/./training_all/8881.jpg,230,36,257,73,player
soccer/notebooks/./training_all/8881.jpg,72,120,126,208,player
soccer/notebooks/./training_all/8881.jpg,205,311,281,442,player
soccer/notebooks/./training_all/8881.jpg,309,236,375,337,player
soccer/notebooks/./training_all/8881.jpg,35,597,114,720,player
soccer/notebooks/./training_all/8881.jpg,482,551,521,583,ball
soccer/notebooks/./training_all/8881.jpg,218,191,271,288,referee
soccer/notebooks/./training_all/8991.jpg,213,395,230,412,ball
soccer/notebooks/./training_all/8991.jpg,115,463,163,593,player
soccer/notebooks/./training_all/8991.jpg,252,251,298,340,player
soccer/notebooks/./training_all/8991.jpg,277,655,327,720,player
soccer/notebooks/./training_all/8991.jpg,574,656,619,720,player
soccer/notebooks/./training_all/8991.jpg,895,459,947,559,player
soccer/notebooks/./training_all/8991.jpg,1026,451,1071,575,player
soccer/notebooks/./training_all/8991.jpg,1091,415,1135,527,player
soccer/notebooks/./training_all/8991.jpg,853,296,890,397,player
soccer/notebooks/./training_all/8991.jpg,688,216,720,303,player
soccer/notebooks/./training_all/8991.jpg,607,184,641,267,player
soccer/notebooks/./training_all/8991.jpg,508,243,558,332,player
soccer/notebooks/./training_all/8991.jpg,444,321,514,408,player
soccer/notebooks/./training_all/8991.jpg,455,297,488,339,player
soccer/notebooks/./training_all/8991.jpg,446,335,479,441,referee
soccer/notebooks/./training_all/9281.jpg,696,438,744,534,player
soccer/notebooks/./training_all/9281.jpg,895,427,940,521,player
soccer/notebooks/./training_all/9281.jpg,993,406,1054,491,player
soccer/notebooks/./training_all/9281.jpg,472,450,516,560,player
soccer/notebooks/./training_all/9281.jpg,492,397,536,482,player
soccer/notebooks/./training_all/9281.jpg,461,267,504,351,player
soccer/notebooks/./training_all/9281.jpg,342,227,400,309,player
soccer/notebooks/./training_all/9281.jpg,27,293,85,366,player
soccer/notebooks/./training_all/9281.jpg,106,260,169,338,player
soccer/notebooks/./training_all/9281.jpg,127,162,176,237,player
soccer/notebooks/./training_all/9281.jpg,181,179,208,230,player
soccer/notebooks/./training_all/9281.jpg,159,229,199,282,player
soccer/notebooks/./training_all/9281.jpg,196,214,229,271,player
soccer/notebooks/./training_all/9281.jpg,987,468,1004,482,ball
soccer/notebooks/./training_all/9281.jpg,754,228,802,293,goalie
soccer/notebooks/./training_all/9571.jpg,132,487,164,599,player
soccer/notebooks/./training_all/9571.jpg,16,289,52,369,player
soccer/notebooks/./training_all/9571.jpg,78,136,110,200,player
soccer/notebooks/./training_all/9571.jpg,276,263,315,340,player
soccer/notebooks/./training_all/9571.jpg,303,390,334,476,player
soccer/notebooks/./training_all/9571.jpg,414,176,444,246,player
soccer/notebooks/./training_all/9571.jpg,472,211,502,278,player
soccer/notebooks/./training_all/9571.jpg,621,265,665,333,player
soccer/notebooks/./training_all/9571.jpg,598,240,624,306,player
soccer/notebooks/./training_all/9571.jpg,605,228,623,247,player
soccer/notebooks/./training_all/9571.jpg,587,235,607,298,player
soccer/notebooks/./training_all/9571.jpg,713,338,746,415,player
soccer/notebooks/./training_all/9571.jpg,769,464,801,557,player
soccer/notebooks/./training_all/9571.jpg,1079,463,1117,558,player
soccer/notebooks/./training_all/9571.jpg,890,457,950,529,player
soccer/notebooks/./training_all/9571.jpg,952,403,1001,483,player
soccer/notebooks/./training_all/9571.jpg,1050,530,1063,543,ball
soccer/notebooks/./training_all/9571.jpg,114,274,143,348,referee
soccer/notebooks/./training_all/9571.jpg,877,186,910,251,goalie
